{"cameraMode":{"drawMode":0,"name":"Shaded","section":"Shading Mode"},"sceneLighting":false,"audioPlay":false,"sceneViewState":{"m_AlwaysRefresh":false,"showFog":true,"showSkybox":false,"showFlares":true,"showImageEffects":true,"showParticleSystems":true,"showVisualEffectGraphs":true,"m_FxEnabled":true},"in2DMode":false,"pivot":{"x":-0.05607740581035614,"y":-5.960464477539063e-8,"z":0.01937556266784668},"rotation":{"x":-0.22532178461551667,"y":-0.14318788051605225,"z":0.033495962619781497,"w":-0.9631472826004028},"size":0.44142138957977297,"orthographic":false}